time,sensor_accX[m/s2],sensor_accY[m/s2],sensor_accZ[m/s2],label_labeling1_label11
1,-0.605408,1.2285,-0.5856779999999999,x
2,-0.548126,3.637909,-0.661987,x
3,0.0610809999999999,0.512833,1.013367,x
4,0.186646,0.386215,0.293365,x
5,-0.167007,1.094711,-0.2168429999999999,x
6,-0.2325289999999999,1.931595,-0.059799,x
7,-0.153748,1.443893,0.049026,x
8,-0.249161,1.118423,-0.03746,x
9,-0.435013,0.863907,-0.139893,x
10,-0.598251,0.8229059999999999,-0.191727,x
11,-0.4912569999999999,0.948776,-0.341034,x
12,-0.421509,1.0320280000000002,-0.608978,x
13,-0.315353,1.109268,-0.947296,x
14,-0.302765,1.023575,-0.931488,x
15,-0.210556,0.809662,-0.3829349999999999,x
16,-0.198517,0.660614,-0.065765,x
17,-0.431778,0.486969,0.251221,x
18,-0.253021,0.309616,0.65358,x
19,0.151947,-0.06694,0.4259189999999999,x
20,0.246094,0.037323,0.043869,x
21,0.226791,0.610229,0.083313,x
22,0.156158,0.797882,-0.041229,x
23,0.137466,0.8023680000000001,-0.220825,x
24,-0.092484,0.605072,-0.2861329999999999,x
25,-0.039261,0.579727,-0.413513,x
26,-0.262085,0.8793030000000001,-0.4140319999999999,x
27,-0.952866,2.131378,-0.3815,x
28,-0.579025,2.18132,-0.842407,x
29,-0.40625,1.414322,-0.999496,x
30,-0.412857,0.753876,-0.669189,x
31,-0.523331,0.506668,-0.554489,x
32,-0.524338,0.425461,-0.087189,x
33,-0.110443,0.611359,0.8750760000000001,x
34,-0.074753,1.112457,0.655304,x
35,-0.407394,2.023743,-0.573196,x
36,-0.511703,2.375107,-0.782166,x
37,-0.990219,2.159683,0.216522,x
38,-0.169907,1.088135,0.467438,x
39,0.085587,0.958527,0.452972,x
40,0.018356,1.272034,0.308502,x
41,-0.321777,1.255798,0.181274,x
42,-0.4426569999999999,1.00235,0.06488,x
43,-0.515884,0.640137,0.083115,x
44,-0.502945,0.528687,-0.071991,x
45,-0.362686,0.561096,-0.220734,x
46,-0.183624,0.662582,-0.16069,x
47,-0.1161799999999999,0.6337430000000001,-0.146011,x
48,-0.132797,0.5349119999999999,-0.13588,x
49,-0.13649,0.355148,-0.066422,x
50,-0.126495,0.166092,0.071945,x
51,-0.126877,0.372345,0.1307829999999999,x
52,-0.024048,1.04245,-0.191162,x
53,0.015305,1.449203,-0.422043,x
54,0.1617579999999999,1.123642,-0.429962,x
55,-0.027054,1.049332,-0.6124569999999999,x
56,0.062607,1.185944,-0.76384,x
57,0.343994,1.479416,-0.2207179999999999,x
58,-0.1198119999999999,1.520935,0.4457859999999999,x
59,-0.544022,1.360474,1.119675,x
60,-0.883072,2.082581,0.944138,x
61,-0.559113,2.905411,0.40274,x
62,-0.436401,1.946182,-0.116013,x
63,-0.508347,1.43129,-0.116913,x
64,-0.573425,1.368088,0.248901,x
65,-0.679291,1.507492,0.489014,x
66,-0.504501,1.383957,0.360123,x
67,-0.350281,1.075623,0.313889,x
68,-0.020233,0.819916,0.498169,x
69,-0.004395,0.610962,0.2380519999999999,x
70,-0.292862,0.414185,0.295563,x
71,-0.363586,0.216354,0.337845,x
72,-0.411484,0.19426,0.179703,x
73,-0.367996,0.2468409999999999,0.0785059999999999,x
74,-0.346848,0.526917,-0.0345759999999999,x
75,-0.473526,0.869568,-0.333206,x
76,-0.630829,1.563644,-1.107605,x
77,-0.185913,1.657425,-1.071381,x
78,0.131622,1.060242,-0.4701079999999999,x
79,0.384384,0.8495790000000001,-0.00473,x
80,0.540802,0.842651,-0.107971,x
81,0.5116729999999999,0.760559,-0.3256989999999999,x
82,0.348068,0.766266,0.048813,x
83,-1.079285,2.2696080000000003,0.4959409999999999,x
84,-0.949097,1.822891,-0.268326,x
85,-0.3488159999999999,0.0491029999999999,0.770325,x
86,-0.399185,0.284409,0.7132109999999999,x
87,-0.696732,1.063293,0.932434,x
88,-1.207001,1.826004,0.126892,x
89,-0.135742,1.538284,0.27594,x
90,0.034973,1.336838,0.2742,x
91,-0.148666,1.143936,-0.090759,x
92,-0.289902,1.017624,-0.151291,x
93,-0.2891849999999999,0.937729,0.027679,x
94,-0.354248,0.8701479999999999,0.098038,x
95,-0.5971529999999999,0.765579,-0.132065,x
96,-0.541153,0.626495,-0.26004,x
97,-0.220688,0.710587,-0.160675,x
98,-0.180084,0.746689,-0.0574799999999999,x
99,-0.202087,0.800186,0.175873,x
100,-0.131119,0.752289,0.3466639999999999,x
101,-0.123734,0.8225709999999999,0.227356,x
102,-0.163727,1.0525209999999998,-0.194763,x
103,-0.184891,1.203705,-0.596634,x
104,-0.190384,1.210007,-0.4253229999999999,x
105,-0.204529,1.2738040000000002,-0.36496,x
106,-0.146347,1.350983,-0.507324,x
107,-0.123489,1.533234,-0.5556949999999999,x
108,-0.380203,1.574066,-0.364273,x
109,-0.408798,1.3518370000000002,0.159943,x
110,-0.10054,1.177933,0.5308069999999999,x
111,-0.086853,1.217499,0.677094,x
112,-0.058395,1.3585969999999998,0.323059,x
113,-0.08931,1.543442,-0.08989,x
114,-0.294998,1.636475,-0.035187,x
115,-0.4316859999999999,1.403656,0.223358,x
116,-0.234695,1.032196,0.183563,x
117,-0.113052,0.848404,0.074768,x
118,-0.190903,0.68132,0.1317289999999999,x
119,-0.263947,0.557404,0.122147,x
120,-0.2099909999999999,0.402145,0.195465,x
121,-0.297516,0.304306,0.207626,x
122,-0.420883,0.180176,0.172546,x
123,-0.398529,0.154007,0.022827,x
124,-0.384705,0.296417,-0.236923,x
125,-0.26799,0.700912,-0.333069,x
126,-0.456604,1.385483,-0.629959,x
127,-0.54393,2.057098,-1.4242549999999998,x
128,-0.351196,1.466522,-0.923157,x
129,-0.027542,0.907089,-1.041061,x
130,-0.077927,0.487595,0.216278,x
131,-0.2620699999999999,1.027603,1.434402,x
132,-0.7813260000000001,1.509583,-0.065964,x
133,-0.019318,0.6963199999999999,0.165314,x
134,-0.024704,0.7392880000000001,0.495926,x
135,-0.494202,1.235077,-0.0872039999999999,x
136,-0.561188,1.2087709999999998,-0.281265,x
137,-0.278046,1.040741,0.034744,x
138,-0.120926,1.159576,0.225784,x
139,-0.068787,1.148026,0.053619,x
140,-0.055725,1.123978,-0.171524,x
141,-0.265213,1.039307,-0.150803,x
142,-0.408615,0.975067,-0.213562,x
143,-0.458633,1.018997,-0.3548739999999999,x
144,-0.389175,1.061203,-0.4992069999999999,x
145,-0.265945,1.104431,-0.6679689999999999,x
146,-0.227692,1.063599,-0.594955,x
147,-0.2076719999999999,0.8765870000000001,-0.592438,x
148,-0.038452,0.6235350000000001,-0.528885,x
149,-0.195206,0.356354,-0.071564,x
150,-0.279907,0.150513,0.647598,x
151,-0.329575,-0.168823,0.8371430000000001,x
152,-0.180099,-0.490021,0.306671,x
153,0.12561,-0.363068,0.281219,x
154,0.667557,0.2508849999999999,0.130066,x
155,0.380707,0.653564,-0.030441,x
156,-0.03006,0.697571,-0.107803,x
157,-0.464127,0.998199,-0.021454,x
158,-0.6263890000000001,1.704071,-0.509338,x
159,-0.315292,1.959808,-0.839859,x
160,-0.070969,1.66217,-1.218796,x
161,-0.419342,1.131851,-1.057709,x
162,-0.562653,1.169373,-0.6367649999999999,x
163,-0.411392,1.474411,0.450409,x
164,-0.236603,1.088455,1.045013,x
165,-0.60936,1.2173770000000002,0.517151,x
166,-0.643433,1.584839,-1.088837,x
167,-0.182571,1.603775,0.056335,x
168,-0.388626,2.1867520000000003,-0.4411319999999999,x
169,-0.05365,1.480194,0.248993,x
170,-0.36618,1.270462,-0.287033,x
171,-0.450058,1.331894,-0.567184,x
172,-0.367722,1.150894,-0.557098,x
173,-0.2210389999999999,0.846146,-0.382126,x
174,-0.249603,0.4725189999999999,0.069214,x
175,-0.344223,0.0619809999999999,0.4586939999999999,x
176,-0.121674,-0.289062,0.638016,x
177,0.190125,-0.775574,0.349396,x
178,0.373169,-0.523987,0.4197689999999999,x
179,0.72551,0.430695,0.0605159999999999,x
180,0.159058,0.848618,-0.178223,x
181,-0.16835,1.0404209999999998,-0.062088,x
182,-0.4286649999999999,1.47467,-0.022736,x
183,-0.591812,1.661545,-0.613266,x
184,-0.0025329999999999,1.522202,-0.8799440000000001,x
185,-0.059799,1.375793,-1.68959,x
186,-0.423538,1.300537,-0.976669,x
187,-0.37677,1.138611,0.7912140000000001,x
188,-0.092575,0.905487,1.077515,x
189,-0.424759,0.992966,0.329025,x
190,-0.747757,1.188568,-0.573334,x
191,-0.566498,1.8853,-1.002899,x
192,-0.4465479999999999,3.513504,-0.846802,x
193,0.116241,0.607498,1.234741,x
194,-0.142227,0.3693849999999999,0.211075,x
195,-0.699371,0.7361449999999999,0.08577,x
196,-0.474121,1.185181,-0.588913,x
197,0.071899,1.453842,-0.945602,x
198,0.168961,1.415726,-0.723495,x
199,-0.333786,1.178558,-1.063568,x
200,-0.561752,0.678894,0.4058989999999999,x
201,-0.411301,0.43718,0.24231,x
202,-0.222137,0.311142,0.513336,x
203,0.112274,-0.021072,0.270401,x
204,0.11734,0.514145,-0.35611,x
205,-0.181396,1.510468,-0.05452,x
206,0.2089389999999999,1.417465,-0.125351,x
207,-0.077225,0.673737,-0.200073,x
208,-0.033661,0.265045,-0.352921,x
209,0.00502,0.041809,-0.365845,x
210,-0.149139,0.2029109999999999,-0.339783,x
211,-0.201752,0.639999,-0.187439,x
212,-0.212769,1.886292,-0.446518,x
213,-0.568451,3.299789,-1.046326,x
214,0.1298369999999999,1.667145,-1.118912,x
215,0.184174,0.642151,-0.343536,x
216,0.1082,-0.235168,0.7157439999999999,x
217,-0.039566,-0.294296,0.5616300000000001,x
218,-0.079651,-0.220657,0.11882,x
219,-0.137466,0.654465,-0.94017,x
220,-1.32724,4.23613,-0.648163,x
221,-0.320847,1.95163,-0.390884,x
222,-0.711899,1.444443,0.0956419999999999,x
223,-0.10965,1.033035,0.363235,x
224,-0.098129,1.314804,-0.266769,x
225,-0.084061,1.64946,-1.103546,x
226,-0.438263,1.536591,-0.8617100000000001,x
227,-0.664963,0.912872,-0.027679,x
228,-0.468582,0.393936,0.642731,x
229,-0.146729,-0.0017699999999999,0.972961,x
230,0.083939,-0.777939,0.433472,x
231,0.242661,-0.845352,0.254257,x
232,0.622406,-0.010147,0.388367,x
233,0.6418,0.531937,0.012863,x
234,0.293335,0.574966,0.045395,x
235,-0.240646,0.801804,0.080734,x
236,-0.333878,1.417328,-0.779648,x
237,-0.455414,2.254837,-0.874466,x
238,0.202179,1.637604,-1.321609,x
239,-0.237564,0.974442,-0.769379,x
240,-0.784592,1.176666,0.1888119999999999,x
241,-0.978973,1.6589200000000002,0.465729,x
242,-0.509308,1.619156,0.256851,x
243,-0.066742,1.19664,-0.783829,x
244,0.007828,1.173203,0.0182039999999999,x
245,-0.6755680000000001,2.384003,-1.077698,x
246,0.082626,1.619339,0.239563,x
247,0.29454,1.078629,0.399994,x
248,-0.34642,1.168625,0.040802,x
249,-0.447296,1.275848,-0.135071,x
250,-0.230682,1.255844,-0.400726,x
251,-0.190262,1.38591,-0.782837,x
252,-0.297745,1.371643,-1.0059049999999998,x
253,-0.359085,1.013458,-0.7835850000000001,x
254,-0.367752,0.54628,-0.069397,x
255,-0.302063,0.332153,0.529724,x
256,-0.226913,0.100723,0.645569,x
257,0.074051,-0.1390839999999999,0.368057,x
258,0.3205409999999999,-0.437592,0.176743,x
259,0.470337,-0.179565,0.422363,x
260,0.582901,0.115616,0.287674,x
261,0.293442,0.355225,0.030975,x
262,0.105988,0.3396909999999999,-0.00563,x
263,-0.139801,0.6828,-0.072739,x
264,-0.5863649999999999,1.417557,-0.537949,x
265,-0.422363,2.517593,-0.873993,x
266,0.067169,1.713974,-1.191345,x
267,-0.11525,1.097702,-0.929184,x
268,-0.782196,1.399261,-0.5817260000000001,x
269,-0.899399,1.6521,0.8856350000000001,x
270,-0.671295,1.445358,0.875381,x
271,-0.170944,1.230957,-0.778564,x
272,0.396652,1.62561,0.0188139999999999,x
273,-0.358688,2.261185,-0.517059,x
274,-0.300919,1.590759,0.293152,x
275,-0.0385589999999999,1.239548,0.4203189999999999,x
276,-0.372238,1.35051,0.004898,x
277,-0.587616,1.528992,-0.71312,x
278,-0.4223479999999999,1.32048,-0.6410520000000001,x
279,-0.277954,1.13414,-0.515228,x
280,-0.23642,0.988663,-0.73468,x
281,-0.312988,0.63327,-0.12616,x
282,-0.228012,0.360214,0.423874,x
283,-0.10553,0.12883,0.735168,x
284,0.12532,-0.4278869999999999,0.595581,x
285,0.233765,-0.720825,0.252319,x
286,0.236893,-0.2137599999999999,0.136261,x
287,0.350571,0.137466,-0.001648,x
288,0.5964510000000001,0.172211,0.018951,x
289,0.198212,0.233536,-0.039322,x
290,-0.09581,0.6673279999999999,-0.047516,x
291,-0.3784639999999999,1.604263,-0.339523,x
292,-1.226501,3.914536,-0.939316,x
293,-0.3292239999999999,1.559082,-1.296921,x
294,-0.390656,1.040558,-1.0498809999999998,x
295,-0.582092,0.778961,-0.678543,x
296,-0.494263,0.943207,0.546509,x
297,-0.5064850000000001,1.368011,0.6898350000000001,x
298,-0.260559,1.470901,0.56813,x
299,-0.281876,1.707413,-0.054138,x
300,-0.080536,1.802597,-0.6114350000000001,x
301,-0.289993,1.685272,-0.063721,x
302,-0.046951,1.165329,0.410736,x
303,0.024338,1.285767,0.474426,x
304,-0.257874,1.436951,0.1233829999999999,x
305,-0.470535,1.107376,-0.047836,x
306,-0.38916,0.783798,-0.220779,x
307,-0.118118,0.515411,-0.090286,x
308,0.144958,0.315201,0.122742,x
309,0.010269,0.317307,0.29248,x
310,-0.341934,0.663467,0.093597,x
311,-0.771652,0.8818360000000001,-0.175095,x
312,-0.265289,0.715866,-0.136581,x
313,0.187607,0.596024,-0.087769,x
314,-0.00795,0.931198,-0.176697,x
315,0.03923,1.184219,-0.297501,x
316,0.207413,0.92868,-0.348083,x
317,0.069473,0.920273,-0.481964,x
318,0.0278779999999999,0.93721,-0.510406,x
319,-0.023987,1.3917389999999998,-0.3451079999999999,x
320,0.191986,1.545593,0.180084,x
321,-0.094894,1.442947,0.821472,x
322,-0.179108,1.809509,1.009384,x
323,-0.2988429999999999,2.509674,0.724014,x
324,-0.593933,2.852737,0.243164,x
325,-1.082901,2.036118,-0.093887,x
326,-0.336655,1.577698,-0.352432,x
327,-0.153305,1.218903,0.317932,x
328,-0.206146,1.024643,0.529846,x
329,-0.2746429999999999,0.819916,0.259521,x
330,-0.22435,0.6405029999999999,0.4938659999999999,x
331,-0.233948,0.442505,0.5469510000000001,x
332,-0.223602,0.33638,0.506088,x
333,-0.19136,0.251205,0.329651,x
334,-0.169342,0.150528,0.166046,x
335,-0.139771,0.192429,-0.007065,x
336,-0.109604,0.5134890000000001,-0.24025,x
337,-0.149323,1.190369,-0.733963,x
338,-0.106171,1.876144,-1.667847,x
339,0.273056,1.7276919999999998,-0.970154,x
340,0.362198,1.271149,-0.485977,x
341,0.451889,0.92543,-0.213623,x
342,0.78978,0.663345,-0.2958679999999999,x
343,0.684738,0.375366,0.816635,x
344,-1.303558,1.31189,0.634872,x
345,-1.708862,2.30954,-0.666,x
346,0.25296,0.938843,0.939316,x
347,-0.3926389999999999,0.8893280000000001,1.147644,x
348,-0.787201,0.8618620000000001,0.5157619999999999,x
349,-0.53952,1.247726,0.308136,x
350,-0.427872,1.790512,0.447327,x
351,0.304092,1.53624,0.186386,x
352,0.409912,1.409134,-0.055862,x
353,0.053055,1.091843,-0.378876,x
354,-0.190063,0.933517,-0.11937,x
355,-0.251526,0.759506,0.161942,x
356,-0.3517,0.6985020000000001,0.058624,x
357,-0.402161,0.650986,-0.095917,x
358,-0.472229,0.5859989999999999,-0.203934,x
359,-0.2140659999999999,0.739609,-0.152161,x
360,-0.115646,0.8215790000000001,-0.020615,x
361,-0.072662,0.771881,0.21846,x
362,-0.128433,0.778885,0.321579,x
363,-0.234619,0.822891,0.2487489999999999,x
364,-0.3166199999999999,1.026413,-0.007645,x
365,-0.354797,1.282303,-0.286423,x
366,-0.296799,1.356079,-0.412918,x
367,-0.025177,1.38765,-0.347153,x
368,0.07547,1.392487,-0.245758,x
369,-0.036774,1.386566,-0.296768,x
370,0.1647799999999999,1.871521,-0.142929,x
371,0.198166,1.556793,-0.121414,x
372,-0.076141,1.134277,-0.017426,x
373,-0.276596,1.066727,0.074615,x
374,-0.126633,1.357269,0.332596,x
375,-0.0334319999999999,1.405197,0.73172,x
376,-0.0466769999999999,1.437531,0.638077,x
377,-0.1088869999999999,1.377563,0.266357,x
378,-0.096207,1.361877,0.029404,x
379,-0.155731,1.239334,0.010864,x
380,-0.113373,1.170792,0.260239,x
381,0.086273,0.969971,0.2827,x
382,0.047424,0.863022,0.160828,x
383,-0.1095119999999999,0.792221,0.24086,x
384,-0.112915,0.665848,0.270111,x
385,-0.1456599999999999,0.617783,0.321274,x
386,-0.239807,0.503067,0.276764,x
387,-0.3250429999999999,0.380554,0.1603089999999999,x
388,-0.367325,0.427277,0.127502,x
389,-0.384293,0.47728,0.0560299999999999,x
390,-0.31517,0.483963,-0.132446,x
391,-0.149811,0.668549,-0.3755489999999999,x
392,-0.01918,1.173126,-0.539215,x
393,-0.267365,1.690079,-1.0336459999999998,x
394,-0.116348,1.606659,-1.195358,x
395,0.061798,1.187714,-0.508484,x
396,0.002579,0.946609,-0.908463,x
397,0.2495119999999999,0.7725069999999999,-0.135712,x
398,-0.064743,0.926605,1.529861,x
399,-1.486191,2.223007,-0.90213,x
400,-0.277435,0.5231319999999999,0.395569,x
401,-0.143295,0.214386,0.369354,x
402,-0.310822,0.579041,0.181351,x
403,-0.363541,1.117691,-0.006195,x
404,-0.1220859999999999,1.267349,-0.022232,x
405,0.1020809999999999,1.415985,0.0289149999999999,x
406,0.226761,1.624985,0.01564,x
407,-0.032303,1.232712,-0.016815,x
408,-0.298157,1.03685,-0.091431,x
409,-0.467606,0.991241,-0.304077,x
410,-0.475342,1.10849,-0.358948,x
411,-0.275589,1.156693,-0.386154,x
412,-0.154999,1.168335,-0.424606,x
413,-0.103943,1.06218,-0.487289,x
414,-0.0844419999999999,0.964172,-0.571014,x
415,-0.18103,0.84729,-0.5734560000000001,x
416,-0.227982,0.6193850000000001,-0.134277,x
417,-0.371185,0.3381349999999999,0.306732,x
418,-0.30574,0.107697,0.628387,x
419,-0.147034,-0.406143,0.589645,x
420,-0.042374,-0.605484,0.3422699999999999,x
421,0.332184,-0.405563,0.1871799999999999,x
422,0.666534,0.137955,-0.0387879999999999,x
423,0.27771,0.3050989999999999,0.081772,x
424,0.029144,0.5502319999999999,-0.02916,x
425,-0.208603,0.781616,-0.0543059999999999,x
426,-0.973328,2.807312,-0.286911,x
427,-0.0869289999999999,1.95459,-1.143417,x
428,-0.407806,1.574722,-1.117508,x
429,-0.294128,1.190536,-0.348511,x
430,-0.364029,0.904144,-0.539642,x
431,-0.415726,1.074921,-0.251923,x
432,-0.528137,1.135208,0.702026,x
433,-0.588104,1.5027620000000002,0.440414,x
434,-0.196777,1.825302,-0.8562770000000001,x
435,0.246552,1.9530490000000005,-0.311844,x
436,-0.287415,1.776703,-0.124176,x
437,-0.078369,1.492264,0.1754,x
438,-0.115616,1.299713,-0.0885929999999999,x
439,-0.526138,1.349304,-0.6443479999999999,x
440,-0.402084,1.178558,-0.6975859999999999,x
441,-0.326981,1.042877,-0.7932739999999999,x
442,-0.325806,0.743042,-0.243301,x
443,-0.325607,0.332108,0.259109,x
444,-0.256866,-0.014206,0.66275,x
445,-0.0522309999999999,-0.605057,0.584518,x
446,0.244125,-0.811844,0.218033,x
447,0.540787,0.086975,0.230927,x
448,0.4939729999999999,0.515472,0.013138,x
449,0.0401759999999999,0.567337,-0.087753,x
450,-0.176086,0.8526,-0.116196,x
451,-0.482147,1.4246219999999998,-0.431778,x
452,-0.225433,1.83284,-0.704865,x
453,0.087936,1.7392580000000002,-0.8762049999999999,x
454,0.096069,1.387665,-0.957977,x
455,-0.234329,1.381836,-0.583954,x
456,-0.367111,1.250549,-0.143433,x
457,-0.462341,0.943802,-0.184082,x
458,-0.220459,0.773254,0.504608,x
459,-0.662125,0.91272,0.538208,x
460,-0.674393,1.227539,-0.394684,x
461,0.035767,1.137405,-0.0668179999999999,x
462,-0.422012,3.934982,-2.788589,x
463,-0.290329,1.248749,0.8172,x
464,0.191223,0.5029600000000001,0.759827,x
465,-0.231735,0.5632020000000001,0.275223,x
466,-0.443146,1.123215,-0.143753,x
467,-0.076172,1.42659,-0.567017,x
468,0.071609,1.401886,-0.756973,x
469,0.001221,1.481155,-0.8746950000000001,x
470,-0.4948729999999999,1.027023,-0.688492,x
471,-0.30249,0.778854,-0.6002350000000001,x
472,-0.351715,0.619003,0.125488,x
473,-0.403671,0.408676,0.757599,x
474,-0.12085,0.094635,0.724823,x
475,0.151566,-0.48732,0.167542,x
476,0.4097439999999999,-0.057709,0.24411,x
477,0.598877,0.34964,0.157776,x
478,0.164673,0.573639,0.047501,x
479,0.0186,0.67276,-0.029282,x
480,-0.0385589999999999,0.799774,-0.309021,x
481,-0.436813,0.793549,-0.501877,x
482,-0.351059,1.033173,-0.4798739999999999,x
483,-0.093079,1.775787,-0.300247,x
484,-0.025314,2.087555,-1.189362,x
485,0.1043549999999999,1.316681,-1.031296,x
486,-0.082352,0.8233950000000001,-0.586044,x
487,-0.2326349999999999,0.645523,0.80011,x
488,-0.609634,1.07251,0.735062,x
489,-0.636551,1.957718,-1.2823790000000002,x
490,-0.269485,3.933609,-1.734695,x
491,0.096848,1.131866,0.889252,x
492,0.297195,0.720078,0.412613,x
493,-0.1809839999999999,1.231415,-0.239746,x
494,-0.294739,1.855667,-0.5882569999999999,x
495,-0.251648,1.450317,-0.256393,x
496,-0.165115,1.002258,-0.264008,x
497,-0.241486,0.728622,-0.37529,x
498,-0.3669429999999999,0.404419,0.040833,x
499,-0.270264,0.19783,0.443192,x
500,-0.060242,-0.280884,0.579727,x
501,0.0582429999999999,-0.613174,0.225327,x
502,0.159683,-0.122406,0.2003329999999999,x
503,0.295807,0.270828,0.136581,x
504,0.432587,0.399063,-0.095459,x
505,0.063995,0.647934,-0.0533909999999999,x
506,-0.045563,0.930222,-0.21965,x
507,-0.406509,1.441116,-0.677521,x
508,-0.335007,2.2285,-1.0648959999999998,x
509,-0.121002,1.801254,-0.885101,x
510,-0.146576,1.065781,-1.024017,x
511,-0.212173,0.708282,-0.3058619999999999,x
512,-0.560867,0.490417,0.8479,x
513,-0.8702700000000001,1.171768,0.397446,x
514,0.117691,1.119995,-0.390808,x
515,0.0518799999999999,4.025131,-4.313904,x
516,-0.232346,1.854446,1.027954,x
517,0.170853,0.216476,1.28212,x
518,-0.004776,0.397049,0.5243680000000001,x
519,-0.420853,1.024673,0.154724,x
520,-0.405701,1.705872,-0.438065,x
521,0.147049,1.798431,-0.885712,x
522,-0.035904,1.627899,-0.982651,x
523,-0.431671,1.1449280000000002,-1.036194,x
524,-0.338577,0.717377,-0.76976,x
525,-0.257339,0.576385,0.038498,x
526,-0.181122,0.39296,0.8657229999999999,x
527,-0.041916,0.173889,0.543259,x
528,0.201935,-0.098526,0.385727,x
529,0.186417,-0.161423,0.261703,x
530,0.271286,0.171341,0.368469,x
531,0.3366699999999999,0.406769,0.104111,x
532,-0.073914,0.525238,-0.038757,x
533,-0.020615,0.8123779999999999,-0.117538,x
534,-0.24324,0.920319,-0.2069239999999999,x
535,-0.427475,1.088455,-0.7205199999999999,x
536,-0.392609,1.402084,-0.397278,x
537,-0.166107,2.062164,-0.380264,x
538,-0.34996,2.152267,-1.498398,x
539,-0.167328,1.125259,-1.119949,x
540,-0.278748,0.711853,-0.647476,x
541,0.003418,0.6975399999999999,1.112061,x
542,-0.252472,1.34259,0.901306,x
543,-0.141556,1.097748,0.15625,x
544,0.194183,1.4006040000000002,-0.670441,x
545,-0.786774,4.708359,-1.593475,x
546,-0.104553,0.8699040000000001,0.60817,x
547,0.1170349999999999,0.7513890000000001,0.170792,x
548,0.189972,0.931747,0.210526,x
549,-0.097519,1.578537,-0.921661,x
550,-0.464813,1.424164,-1.112991,x
551,-0.483429,0.9478,-0.537506,x
552,-0.4720609999999999,0.383286,0.245911,x
553,-0.328934,0.165848,0.673294,x
554,-0.381485,0.116821,0.862259,x
555,-0.0325779999999999,-0.4197079999999999,0.8246459999999999,x
556,0.099548,-0.515717,0.084991,x
557,0.883102,-0.009995,0.003616,x
558,0.980377,0.425751,0.036575,x
559,0.129745,0.254242,0.003296,x
560,-0.1345829999999999,0.255707,-0.0138699999999999,x
561,-0.108322,0.349884,-0.303467,x
562,-1.471909,4.558563,-0.999817,x
563,-0.030838,1.996216,-1.331772,x
564,-0.2160949999999999,0.915192,-0.7652439999999999,x
565,-0.196411,0.252197,0.340302,x
566,-0.324509,0.453613,0.7104189999999999,x
567,-0.467865,1.519165,0.522385,x
568,-0.5474399999999999,2.116928,0.26532,x
569,-0.29007,1.980759,-1.170151,x
570,-0.2307739999999999,1.757782,-0.520096,x
571,0.04866,1.549316,0.02626,x
572,0.268219,1.534042,0.104279,x
573,0.295593,1.455307,0.159103,x
574,-0.105042,1.120636,0.0600429999999999,x
575,-0.32016,0.935104,-0.130341,x
576,-0.375732,0.6541140000000001,0.119354,x
577,-0.264801,0.455658,0.065002,x
578,-0.12439,0.398788,0.044205,x
579,-0.049911,0.343536,0.046387,x
580,-0.039124,0.633011,-0.043411,x
581,-0.101105,0.892426,-0.323471,x
582,-0.241379,0.856049,-0.555084,x
583,-0.103271,0.849823,-0.477966,x
584,0.101059,0.702209,-0.439209,x
585,0.2821349999999999,0.655396,-0.547638,x
586,0.429016,1.030853,-0.2130429999999999,x
587,0.060547,1.369644,0.19838,x
588,0.286087,2.0948330000000004,0.756699,x
589,0.463394,3.274414,0.866302,x
590,-0.118805,3.151077,0.445297,x
591,-0.8460850000000001,2.1428830000000003,0.4468229999999999,x
592,-0.73616,1.606903,-0.170685,x
593,-0.229309,1.441437,-0.2509,x
594,-0.060837,1.324707,0.313354,x
595,0.121674,1.137329,0.713409,x
596,0.031616,0.902161,0.532608,x
597,-0.259415,0.676407,0.504181,x
598,-0.463242,0.46405,0.463638,x
599,-0.552887,0.286011,0.455627,x
600,-0.525345,0.234055,0.3003389999999999,x
601,-0.5155029999999999,0.148422,0.1227569999999999,x
602,-0.43428,0.304489,-0.072357,x
603,-0.244171,0.971619,-0.394104,x
604,-0.3466639999999999,1.6533810000000002,-1.498856,x
605,0.1335299999999999,1.542053,-1.162933,x
606,0.509003,1.060684,-0.712708,x
607,0.973602,0.881561,-0.1560359999999999,x
608,0.935638,0.7093659999999999,-0.264648,x
609,0.8289639999999999,0.430267,-0.4336239999999999,x
610,0.685669,0.344101,0.54866,x
611,-0.88269,2.794144,0.402618,x
612,-1.609741,2.527023,-0.27446,x
613,0.014587,0.212631,0.66835,x
614,-0.383209,0.365189,0.902878,x
615,-0.643295,0.887863,0.599213,x
616,-0.6921390000000001,1.886169,0.443619,x
617,0.102905,2.039795,0.5008699999999999,x
618,0.422363,1.578796,0.100525,x
619,0.119843,1.12674,0.131882,x
620,-0.131805,0.935562,-0.16011,x
621,-0.128479,0.739929,0.020844,x
622,-0.378525,0.634567,0.033997,x
623,-0.610428,0.56488,-0.114365,x
624,-0.443268,0.4961239999999999,-0.0908809999999999,x
625,-0.173096,0.6124569999999999,-0.048538,x
626,0.063965,0.761215,-0.09668,x
627,0.140564,0.7912600000000001,-0.035004,x
628,-0.055511,0.846405,0.125549,x
629,-0.162048,1.168823,0.206421,x
630,-0.203873,1.20694,0.083023,x
631,-0.244659,1.136169,0.0336459999999999,x
632,-0.35112,1.146057,-0.081604,x
633,-0.309448,1.199036,-0.085663,x
634,-0.185852,1.265747,0.039261,x
635,-0.044891,1.190811,-0.0176699999999999,x
636,-0.0271149999999999,1.253311,-0.1905059999999999,x
637,-0.013474,1.356644,-0.468002,x
638,0.09584,1.639862,-0.567856,x
639,0.311249,1.637695,-0.407471,x
640,0.498489,1.5285030000000002,0.04303,x
641,0.329788,1.213379,0.291046,x
642,0.011902,1.091263,0.593155,x
643,0.083435,1.1417540000000002,0.5859989999999999,x
644,0.039917,1.381424,0.5629430000000001,x
645,-0.048889,1.601135,0.25029,x
646,-0.177155,1.736908,0.07608,x
647,-0.113892,1.543289,0.408905,x
648,0.012222,1.200211,0.615402,x
649,0.0313569999999999,1.000061,0.2165369999999999,x
650,-0.159729,0.8260799999999999,0.131439,x
651,-0.197739,0.730881,0.153275,x
652,-0.159332,0.641754,0.176651,x
653,-0.135788,0.603073,0.25264,x
654,-0.215439,0.581421,0.291809,x
655,-0.303406,0.58136,0.279449,x
656,-0.293411,0.520691,0.199341,x
657,-0.269913,0.420044,0.037125,x
658,-0.263565,0.462875,-0.125671,x
659,-0.09996,0.66925,-0.2219539999999999,x
660,-0.026779,1.083847,-0.517334,x
661,-0.067566,1.535187,-1.114059,x
662,0.2242579999999999,1.263779,-1.174927,x
663,0.316879,0.855331,-0.478577,x
664,0.449509,0.857712,-0.846283,x
665,0.489304,0.97966,0.788101,x
666,-0.427933,2.3669130000000003,0.431152,x
667,-1.004822,1.193207,0.10614,x
668,-0.778122,0.1055599999999999,0.4119109999999999,x
669,-0.7186279999999999,0.1920619999999999,0.411804,x
670,-0.654175,0.824066,0.268509,x
671,-0.292267,1.242233,-0.050598,x
672,0.050903,1.236969,-0.022354,x
673,0.242889,1.488495,0.2617489999999999,x
674,0.423141,1.55127,0.090302,x
675,0.638672,1.2836299999999998,-0.227936,x
676,-0.021988,1.128586,-0.06427,x
677,-0.2907099999999999,1.006516,-0.0743559999999999,x
678,-0.375168,0.966705,-0.20903,x
679,-0.501358,1.064545,-0.4893189999999999,x
680,-0.427856,1.169144,-0.6934359999999999,x
681,-0.078995,1.113556,-0.7208859999999999,x
682,-0.025421,1.010956,-0.736008,x
683,-0.149841,0.903687,-0.674194,x
684,-0.212692,0.523529,-0.149567,x
685,-0.256393,0.313614,0.378693,x
686,-0.241638,-0.030396,0.746857,x
687,-0.021973,-0.479202,0.568451,x
688,0.217087,-0.434784,0.262146,x
689,0.740005,0.061005,0.31395,x
690,0.591568,0.174423,0.32283,x
691,0.155991,0.524307,0.266388,x
692,-0.006317,0.614716,0.03215,x
693,-0.435196,1.0269620000000002,-0.026062,x
694,-0.652176,1.826294,-0.463531,x
695,-0.358765,2.904144,-0.618927,x
696,0.187912,1.642609,-1.3567049999999998,x
697,-0.374725,1.086182,-0.664612,x
698,-0.623428,0.995407,0.104248,x
699,-0.607025,1.0355219999999998,0.447006,x
700,-0.155716,1.71907,0.58992,x
701,0.543503,2.013382,-1.191559,x
702,-0.075989,2.588623,-1.200043,x
703,-0.001892,1.104263,0.556992,x
704,0.094574,0.983231,0.421631,x
705,-0.237823,1.454132,0.047089,x
706,-0.195938,1.339081,-0.239182,x
707,-0.20549,1.31337,-0.3714449999999999,x
708,-0.301926,1.2492370000000002,-0.592804,x
709,-0.409653,1.359177,-0.8797149999999999,x
710,-0.329895,1.282669,-0.8629610000000001,x
711,-0.2211,0.835098,-0.426071,x
712,-0.13826,0.462738,0.4243619999999999,x
713,-0.032074,0.200043,0.7587430000000001,x
714,0.144775,-0.41684,0.476242,x
715,0.208832,-0.8318180000000001,0.008743,x
716,0.289886,-0.059875,0.241364,x
717,0.4392399999999999,0.282303,0.300247,x
718,0.266144,0.3936159999999999,0.162491,x
719,0.098953,0.317368,0.082001,x
720,-0.309494,0.615204,-0.026642,x
721,-0.628815,1.495483,-0.546463,x
722,-0.764328,3.474915,-0.834274,x
723,-0.129105,1.817795,-1.107224,x
724,-0.076797,0.965515,-1.139694,x
725,-0.142502,0.648209,-0.126968,x
726,-0.124573,0.776443,0.673782,x
727,-0.188263,1.370972,0.607773,x
728,-0.2695619999999999,1.51915,-0.028992,x
729,-0.637131,2.898819,-2.57782,x
730,-0.100098,1.906097,0.089005,x
731,0.15181,0.690567,0.8410190000000001,x
732,0.036743,0.830765,0.386658,x
733,-0.410553,1.403214,0.06485,x
734,-0.164291,1.595963,-0.852051,x
735,-0.0396269999999999,1.506409,-0.952118,x
736,-0.190689,1.334015,-0.6573180000000001,x
737,-0.409195,1.060684,-0.661301,x
738,-0.404907,0.5632020000000001,0.021408,x
739,-0.20047,0.252609,0.679459,x
740,0.01268,-0.3382719999999999,0.6847840000000001,x
741,0.22641,-0.979263,-0.018265,x
742,0.272018,-0.189743,0.336487,x
743,0.437592,0.03804,0.360291,x
744,0.399582,0.226044,0.118469,x
745,0.271667,0.37677,0.107101,x
746,-0.018112,0.691559,0.123352,x
747,-0.478745,1.3388520000000002,-0.39299,x
748,-0.597763,2.678787,-0.8392940000000001,x
749,-0.141586,2.2835080000000003,-1.209686,x
750,-0.107971,1.284943,-1.409241,x
751,-0.45253,0.904007,-0.106216,x
752,-0.487427,0.8389129999999999,1.108658,x
753,-0.380127,0.977921,0.554733,x
754,0.135788,1.185043,-0.411606,x
755,-0.180374,2.419846,-1.256393,x
756,-0.2275849999999999,3.067902,-0.384659,x
757,0.198013,0.8601840000000001,0.7156680000000001,x
758,-0.214355,0.667419,0.123856,x
759,-0.5777439999999999,1.262344,-0.7794949999999999,x
760,-0.128601,1.6223299999999998,-0.918045,x
761,-0.189713,1.147583,-0.47261,x
762,-0.131378,0.728058,-0.240585,x
763,-0.398804,0.650879,0.008865,x
764,-0.337402,0.425827,0.596283,x
765,0.002853,-0.003159,0.587173,x
766,0.285278,-0.5931850000000001,0.106613,x
767,0.3144679999999999,-0.033279,0.161224,x
768,0.383087,0.473984,-0.002029,x
769,0.0912169999999999,0.6200100000000001,0.053314,x
770,0.0235289999999999,0.877411,0.041061,x
771,0.060684,0.806763,-0.030273,x
772,-0.098419,0.7893979999999999,-0.262115,x
773,-0.072571,1.441757,-0.725479,x
774,-0.25972,2.926041,-1.049179,x
775,-0.116989,1.954773,-1.301819,x
776,-0.213806,0.959686,-0.848358,x
777,-0.257965,0.673523,-0.729721,x
778,-0.193359,0.4867399999999999,1.138306,x
779,-0.285812,1.153336,0.59433,x
780,-0.310135,1.983398,-1.14856,x
781,-0.171692,3.11235,-0.851349,x
782,0.099808,1.048462,0.6203,x
783,0.24379,0.960403,0.303223,x
784,-0.1370849999999999,1.427124,0.007324,x
785,-0.1267849999999999,1.646942,-1.008896,x
786,-0.2789,1.327286,-0.928436,x
787,-0.504532,0.974121,-0.4680479999999999,x
788,-0.5311739999999999,0.6365970000000001,0.017563,x
789,-0.373917,0.391281,0.501053,x
790,-0.05162,0.074951,0.664246,x
791,0.045959,-0.583939,0.1614529999999999,x
792,0.3229059999999999,-0.576675,0.085785,x
793,0.567459,-0.0107879999999999,0.321396,x
794,0.69455,0.2675929999999999,0.045197,x
795,0.369431,0.403442,0.07402,x
796,0.108566,0.662155,0.206665,x
797,-0.25148,1.314392,-0.5458529999999999,x
798,-0.4338229999999999,2.590347,-1.301941,x
799,-0.31778,2.171585,-1.135742,x
800,-0.160446,1.149399,-0.901917,x
801,-0.31601,0.768784,-0.0641019999999999,x
802,-0.513336,0.75795,0.899063,x
803,-0.549866,1.058151,0.526947,x
804,-0.186111,0.976135,0.03125,x
805,-0.912277,4.122803,-5.168594000000001,x
806,0.315582,1.02533,1.5323790000000002,x
807,0.411255,0.447784,0.608292,x
808,0.367081,0.862381,0.4601439999999999,x
809,-0.218964,1.603653,0.440735,x
810,-0.392944,1.731598,-0.864334,x
811,-0.477951,1.748795,-1.225403,x
812,-0.533249,1.475174,-0.8333280000000001,x
813,-0.330582,1.153473,-0.804443,x
814,-0.466782,0.749222,0.108856,x
815,0.011963,0.328506,0.612549,x
816,0.164291,-0.276657,0.653885,x
817,0.324661,-0.711777,0.322357,x
818,0.058594,-0.2394869999999999,0.384033,x
819,0.305511,0.153381,0.293045,x
820,0.286911,0.284637,0.047913,x
821,0.179047,0.5298609999999999,-0.049088,x
822,0.252884,0.698883,0.014694,x
823,0.1524049999999999,1.028015,-0.181793,x
824,-0.422333,2.118927,-1.287628,x
825,-0.141434,2.845505,-1.316376,x
826,-0.039597,1.401077,-0.915939,x
827,-0.2417909999999999,0.728333,-0.5576479999999999,x
828,-0.659821,0.548492,-0.654205,x
829,-0.692017,0.725571,1.157043,x
830,-0.744492,1.243927,0.58931,x
831,0.05365,0.846756,-0.015518,x
832,0.071045,2.006668,-1.096329,x
833,-0.2429349999999999,3.860123,-0.5448149999999999,x
834,0.36145,0.704453,0.551407,x
835,0.497162,0.67511,-0.1192319999999999,x
836,-0.493591,1.48439,-0.691315,x
837,-0.1163329999999999,1.64183,-0.83873,x
838,-0.025986,1.146255,-0.665543,x
839,-0.0025629999999999,0.780151,-0.225388,x
840,0.111069,0.455139,-0.020721,x
841,-0.1108089999999999,0.14473,0.267181,x
842,-0.0354,-0.012924,0.433914,x
843,0.163452,-0.4349369999999999,0.352097,x
844,-0.012024,-0.0968779999999999,0.145096,x
845,0.047638,0.358704,0.024338,x
846,0.122101,0.75827,-0.060028,x
847,-0.112152,1.136154,0.127686,x
848,-0.361938,1.6891630000000002,0.177109,x
849,-0.333313,1.6011959999999998,-0.163101,x
850,-0.363174,1.207184,-0.349884,x
851,-0.5461729999999999,1.16893,-0.6216430000000001,x
852,-0.546982,1.350235,-0.913849,x
853,-0.3382719999999999,1.455292,-0.926956,x
854,-0.045883,1.80484,-1.073669,x
855,-0.040115,1.380661,-1.313232,x
856,-0.135818,1.077454,-0.906128,x
857,0.039825,0.676712,-0.557236,x
858,0.045944,0.295624,-0.436218,x
859,-0.042252,0.31958,-0.6602939999999999,x
860,-0.5311279999999999,1.373352,1.787888,x
861,-0.995224,1.339355,0.645767,x
862,0.008911,1.078247,0.294571,x
863,0.453629,1.5269780000000002,0.995895,x
864,-0.455154,3.424515,-0.975739,x
865,-0.1586,1.704834,0.176392,x
866,-0.137955,1.128693,0.341629,x
867,-0.099915,1.282318,0.2485349999999999,x
868,-0.037537,1.327057,0.109497,x
869,0.039108,1.171738,0.106964,x
870,0.02124,0.994324,0.099533,x
871,-0.139511,0.8190310000000001,0.124359,x
872,-0.370544,0.688751,0.01828,x
873,-0.419556,0.571945,-0.162262,x
874,-0.4467319999999999,0.430771,-0.218353,x
875,-0.472885,0.454453,-0.175995,x
876,-0.352936,0.527176,0.033142,x
877,-0.222733,0.5874020000000001,-0.029327,x
878,-0.0914919999999999,0.836823,-0.208405,x
879,-0.117538,1.039124,-0.226135,x
880,-0.026642,1.185043,-0.327652,x
881,0.080841,1.480713,-0.467346,x
882,-0.003662,1.46022,-0.347275,x
883,0.012329,1.504028,-0.269821,x
884,0.301483,1.716522,-0.159622,x
885,0.53125,2.0027470000000003,0.03743,x
886,0.690308,1.643402,0.174484,x
887,0.013412,1.633484,0.5310819999999999,x
888,-0.194962,1.13974,0.712006,x
889,0.225937,1.079193,0.7636109999999999,x
890,-0.031281,1.314011,0.575806,x
891,-0.2575989999999999,1.438217,0.346329,x
892,-0.082413,1.424789,0.315506,x
893,0.182297,1.271118,0.340225,x
894,0.2520449999999999,1.128616,0.2907869999999999,x
895,0.2303619999999999,1.020081,0.336655,x
896,0.168045,0.94603,0.357773,x
897,0.204071,0.843369,0.414551,x
898,0.149506,0.894379,0.5327149999999999,x
899,0.143723,0.8938450000000001,0.543091,x
900,0.106445,0.930298,0.403351,x
901,-0.12796,0.976181,0.213455,x
902,-0.2947849999999999,1.040161,0.136124,x
903,-0.375153,0.978912,0.0699159999999999,x
904,-0.389404,0.84198,0.060287,x
905,-0.333755,0.726883,0.075043,x
906,-0.172699,0.663528,0.036133,x
907,-0.13327,0.595108,-0.013748,x
908,-0.135239,0.633163,-0.086884,x
909,-0.147614,0.765991,-0.263443,x
910,-0.170258,0.91449,-0.440308,x
911,-0.173569,1.052124,-0.622116,x
912,-0.061737,1.228561,-0.878891,x
913,-0.021729,1.347855,-1.048355,x
914,0.011902,1.366257,-0.688416,x
915,0.076996,1.170837,-0.618286,x
916,-0.025757,0.756638,-0.60231,x
917,-0.144821,1.084534,-1.193085,x
918,-0.163452,2.727386,0.156525,x
919,-0.269455,1.265839,1.187836,x
920,-0.524796,-0.5083770000000001,1.119522,x
921,-0.293991,-0.528412,0.164993,x
922,0.0089719999999999,0.468597,0.485321,x
923,-0.161102,1.87851,0.19455,x
924,0.083832,2.260666,-0.291763,x
925,0.152878,1.51796,-0.108582,x
926,-0.153961,0.990479,0.0631559999999999,x
927,-0.229065,0.8484799999999999,0.049667,x
928,-0.108307,0.909531,-0.0314329999999999,x
929,-0.051285,1.208145,-0.14064,x
930,-0.114532,1.435898,-0.22525,x
931,-0.199646,1.246582,-0.320847,x
932,-0.257233,0.97467,-0.342758,x
933,-0.3294829999999999,0.961639,-0.367691,x
934,-0.279205,1.078171,-0.437164,x
935,-0.196426,1.031204,-0.705002,x
936,-0.204193,0.933655,-0.748672,x
937,-0.256287,0.641251,-0.3986659999999999,x
938,-0.148483,0.284958,0.095734,x
939,-0.143845,-0.034073,0.518814,x
940,-0.016373,-0.433838,0.566055,x
941,0.13063,-0.5691069999999999,0.342514,x
942,0.439285,-0.16806,0.2380219999999999,x
943,0.578964,0.14502,0.139969,x
944,0.393463,0.090652,0.160568,x
945,0.171173,0.235657,-0.017838,x
946,0.08728,0.515152,-0.067429,x
947,-0.319443,1.176453,-0.041519,x
948,-0.683762,2.600723,-0.625015,x
949,-0.126251,3.022766,-1.41684,x
950,-0.2158659999999999,1.347015,-0.748901,x
951,-0.438217,0.978287,-0.8687590000000001,x
952,-0.963043,1.250565,0.431961,x
953,-0.8624569999999999,1.226425,0.762314,x
954,-0.262192,1.42926,-0.177399,x
955,-0.16925,3.570419,-1.793671,x
956,0.1955869999999999,1.383987,0.8195040000000001,x
957,0.320679,0.692017,0.356354,x
958,-0.220978,1.008911,0.115952,x
959,-0.409134,1.526505,-0.2416989999999999,x
960,-0.193039,1.263412,-0.526947,x
961,-0.255203,1.16684,-0.8230290000000001,x
962,-0.353577,1.17952,-0.772583,x
963,-0.336487,0.963867,-0.529816,x
964,-0.383102,0.499191,-0.109604,x
965,-0.128494,0.144028,0.555527,x
966,0.18074,-0.4157409999999999,0.5975189999999999,x
967,0.3245699999999999,-0.8770290000000001,0.248276,x
968,0.475037,-0.297546,0.193375,x
969,0.522369,0.176361,0.059174,x
970,0.307587,0.413116,-0.088806,x
971,0.351089,0.758362,0.023773,x
972,0.0201569999999999,1.4778440000000002,0.123276,x
973,-0.521545,2.027542,-0.5406489999999999,x
974,-0.389923,2.683029,-1.062103,x
975,-0.02179,1.345886,-1.118179,x
976,-0.269897,0.8513790000000001,-1.138687,x
977,-0.581802,0.588104,-0.019379,x
978,-0.78363,0.929611,0.708344,x
979,-0.6274569999999999,1.6490630000000002,0.406738,x
980,-0.092804,1.22023,0.058487,x
981,0.367035,2.421997,-2.497177,x
982,0.062637,2.001328,0.372208,x
983,0.215469,0.671234,0.677124,x
984,0.2051239999999999,0.877396,0.272995,x
985,-0.2107389999999999,1.316589,0.392822,x
986,-0.173096,1.441208,-0.296402,x
987,-0.071365,1.563553,-0.736206,x
988,-0.180084,1.57019,-0.975021,x
989,-0.423279,1.309097,-0.827103,x
990,-0.435867,0.8970030000000001,-0.879608,x
991,-0.382416,0.524673,-0.199493,x
992,-0.157547,0.458374,0.542633,x
993,0.0287779999999999,0.267563,0.810638,x
994,0.234512,-0.246552,0.195511,x
995,0.350098,-0.4236149999999999,0.230331,x
996,0.306213,0.009872,0.346497,x
997,0.541077,0.347244,0.169281,x
998,0.245468,0.4447779999999999,0.001083,x
999,0.201447,0.585022,-0.019165,x
1000,-0.242996,0.783127,-0.165222,x
1001,-0.525269,1.477554,-0.647141,x
1002,-0.186432,2.165924,-0.97435,x
1003,-0.08139,2.123398,-1.12764,x
1004,-0.037781,1.116394,-0.858017,x
1005,-0.461212,0.872589,-0.517319,x
1006,-0.342972,0.750671,0.81395,x
1007,-0.34079,1.107132,0.5684359999999999,x
1008,-0.12384,1.156906,-0.051758,x
1009,-0.539795,5.071106,-3.770309,x
1010,0.14949,0.36261,1.293427,x
1011,0.378632,0.2979429999999999,0.420029,x
1012,0.202957,1.204575,0.263077,x
1013,-0.1052859999999999,1.961578,0.230759,x
1014,-0.202484,1.823181,-1.113785,x
1015,-0.200974,1.408844,-1.098663,x
1016,-0.640564,1.059555,-0.5112,x
1017,-0.564758,0.627625,-0.194702,x
1018,-0.412689,0.4563899999999999,0.271454,x
1019,-0.0058439999999999,0.370712,0.5867,x
1020,0.304016,-0.289337,0.416824,x
1021,0.521774,-0.662842,0.13623,x
1022,0.247574,0.0315089999999999,0.282593,x
1023,0.26358,0.254684,0.0548549999999999,x
1024,0.114532,0.59729,0.130157,x
1025,0.194672,0.946152,0.1629789999999999,x
1026,0.128876,1.151413,-0.058609,x
1027,-0.1930079999999999,1.755737,-1.070496,x
1028,-0.204239,2.205521,-1.336395,x
1029,-0.153961,1.484192,-1.10144,x
1030,-0.211639,1.035355,-0.973648,x
1031,-0.275986,0.515686,0.165939,x
1032,-0.279724,0.339264,1.119186,x
1033,-0.551163,1.117615,0.321396,x
1034,-0.312134,1.672775,-0.535995,x
1035,-0.160904,5.819443,-3.093353,x
1036,0.245255,0.789307,0.779053,x
1037,0.626205,0.546478,0.48175,x
1038,0.078568,1.154373,-0.52446,x
1039,0.09819,1.968094,-1.081024,x
1040,-0.1548,1.291321,-0.675125,x
1041,-0.394363,0.808441,-0.274078,x
1042,-0.1922299999999999,0.364182,0.183197,x
1043,-0.130692,0.095367,0.276627,x
1044,-0.002335,-0.242203,0.661377,x
1045,0.072708,-0.59227,0.745682,x
1046,0.162384,-0.231628,0.159729,x
1047,0.210602,0.201263,-0.1008,x
1048,0.368423,0.535217,-0.003754,x
1049,0.053055,0.8491059999999999,0.076248,x
1050,-0.298065,0.997147,0.379486,x
1051,-1.167511,2.431763,0.290344,x
1052,-0.733627,1.529541,-0.331482,x
1053,-0.632309,1.231934,-0.901703,x
1054,-0.583572,1.387741,-1.7511900000000002,x
1055,-0.129211,1.568817,-1.411041,x
1056,-0.164154,1.300095,-1.136185,x
1057,-0.130554,0.797424,-0.755508,x
1058,-0.312866,0.4729,-1.322037,x
1059,-0.672668,1.267838,0.858749,x
1060,0.168091,1.006958,1.962906,x
1061,-0.046646,1.349075,1.0619809999999998,x
1062,-0.044922,2.025726,0.323944,x
1063,-0.191223,3.541122,-1.984009,x
1064,0.016678,1.480209,0.5737760000000001,x
1065,-0.116592,1.186493,0.697418,x
1066,-0.2732699999999999,1.366592,0.635666,x
1067,-0.342194,1.38237,0.133896,x
1068,-0.190674,1.371033,-0.267746,x
1069,-0.0167849999999999,1.1398469999999998,-0.210846,x
1070,0.114441,0.8688959999999999,0.0892179999999999,x
1071,0.068344,0.604126,0.076447,x
1072,-0.2081599999999999,0.51207,-0.068939,x
1073,-0.520569,0.469543,-0.223129,x
1074,-0.535782,0.4021,-0.10759,x
1075,-0.408096,0.431885,-0.025528,x
1076,-0.248734,0.617676,-0.040833,x
1077,-0.146652,0.992645,-0.2722469999999999,x
1078,-0.184662,1.199799,-0.480438,x
1079,0.10379,1.087082,-0.376343,x
1080,0.1946109999999999,1.129395,-0.132401,x
1081,0.1376339999999999,1.311554,0.067657,x
1082,0.219681,1.160751,-0.027893,x
1083,0.373352,1.199783,-0.266937,x
1084,0.542572,1.371536,-0.093262,x
1085,0.790802,1.696609,0.471176,x
1086,0.4958189999999999,1.828278,0.593399,x
1087,-0.417343,1.510178,0.291702,x
1088,-0.092087,1.17337,0.154556,x
1089,0.17662,1.16774,0.349258,x
1090,0.398544,1.222687,0.669678,x
1091,0.327469,1.33168,0.693542,x
1092,0.207581,1.574722,0.591248,x
1093,0.069061,1.491104,0.473541,x
1094,0.050018,1.311249,0.385193,x
1095,0.1491849999999999,1.203156,0.324127,x
1096,0.265442,1.145889,0.37677,x
1097,0.292969,1.100159,0.4559479999999999,x
1098,0.380157,1.011749,0.604355,x
1099,0.2735599999999999,0.947601,0.5635220000000001,x
1100,0.30983,0.871216,0.654419,x
1101,0.418655,0.884216,0.491058,x
1102,0.28331,1.013718,0.224304,x
1103,-0.138214,0.936905,0.244385,x
1104,-0.183289,0.907593,0.204681,x
1105,-0.155396,0.948532,0.2369079999999999,x
1106,-0.162277,0.960464,0.219452,x
1107,-0.18277,0.930893,0.1821289999999999,x
1108,-0.174576,0.867813,0.121368,x
1109,-0.076797,0.73024,0.058594,x
1110,-0.08342,0.65535,0.090424,x
1111,-0.1563109999999999,0.57605,0.101212,x
1112,-0.233719,0.492767,-0.072266,x
1113,-0.293594,0.521881,-0.442612,x
1114,-0.331787,0.783325,-0.916,x
1115,0.054245,1.314087,-1.270584,x
1116,0.165955,1.463974,-1.245834,x
1117,-0.0781559999999999,1.338058,-0.919281,x
1118,-0.000244,1.047562,-0.725754,x
1119,0.251221,0.657425,-1.351532,x
1120,0.233932,0.603607,0.402176,x
1121,-0.125626,2.258316,0.588394,x
1122,-1.320465,2.585953,0.138641,x
1123,-0.180496,-0.192352,0.979111,x
1124,0.080612,-0.407089,0.240936,x
1125,0.367096,0.624237,0.309753,x
1126,-0.003967,1.605301,0.077423,x
1127,0.260269,1.796082,-0.085327,x
1128,0.4207149999999999,1.477081,0.075348,x
1129,0.121307,1.119644,-0.006668,x
1130,-0.10228,0.897141,0.049179,x
1131,-0.244034,0.828522,-0.043976,x
1132,-0.331451,0.954727,-0.103348,x
1133,-0.259384,1.159119,-0.181,x
1134,-0.066071,1.132843,-0.174469,x
1135,0.009323,1.016449,-0.1384119999999999,x
1136,-0.103897,1.108704,-0.283401,x
1137,-0.198639,1.239914,-0.528229,x
1138,-0.20015,1.26207,-0.7782899999999999,x
1139,-0.252792,1.191605,-0.689743,x
1140,-0.272552,1.098068,-0.677277,x
1141,-0.041916,0.935242,-0.6404270000000001,x
1142,-0.019516,0.6391600000000001,-0.214935,x
1143,-0.03215,0.389633,0.477066,x
1144,0.0636289999999999,-0.011261,0.845032,x
1145,0.14743,-0.650452,0.509842,x
1146,0.091415,-0.752594,0.377869,x
1147,0.3594969999999999,-0.30246,0.195374,x
1148,0.333115,-0.055847,0.310181,x
1149,0.118881,0.0154419999999999,0.163544,x
1150,-0.069046,0.381439,-0.015808,x
1151,-0.316879,0.8220059999999999,-0.053452,x
1152,-0.755203,2.810699,-0.387909,x
1153,-0.65033,3.910721,-0.93425,x
1154,-0.4721069999999999,1.505203,-1.029465,x
1155,-0.341064,0.995377,-1.061462,x
1156,-0.599304,0.740372,-0.582275,x
1157,-0.715881,1.346222,0.647675,x
1158,-0.241196,1.357513,0.720367,x
1159,0.171707,1.150711,0.432526,x
1160,0.181259,4.746551999999999,-3.765686,x
1161,0.3331909999999999,0.5428310000000001,1.278961,x
1162,0.331268,0.2000579999999999,0.4252319999999999,x
1163,0.185043,0.972488,0.416946,x
1164,-0.321945,2.028214,0.443634,x
1165,-0.097198,1.497345,-0.2879489999999999,x
1166,-0.3715969999999999,1.3754879999999998,-0.821091,x
1167,-0.645935,1.236023,-0.887192,x
1168,-0.470367,1.087753,-0.784729,x
1169,-0.201492,0.8793030000000001,-0.601486,x
1170,-0.0993039999999999,0.501312,-0.138504,x
1171,-0.217911,0.336411,0.248184,x
1172,0.031906,0.200378,0.814224,x
1173,0.18158,-0.30394,0.532532,x
1174,0.165161,-0.582138,0.133713,x
1175,0.275314,-0.247726,0.186646,x
1176,0.493118,0.108231,0.069962,x
1177,0.310944,0.468567,-0.074326,x
1178,0.210175,0.7747189999999999,0.127625,x
1179,-0.408096,1.4988860000000002,-0.09996,x
1180,-0.315857,2.362808,-1.081467,x
1181,-0.149078,2.385712,-0.849823,x
1182,-0.280273,1.146713,-1.1768040000000002,x
1183,-0.240143,0.810822,-0.8342129999999999,x
1184,-0.287918,0.568268,0.591095,x
1185,-0.486237,0.8894200000000001,0.727158,x
1186,0.029358,1.027649,0.5761109999999999,x
1187,-0.056274,1.6875919999999998,0.408051,x
1188,-0.920639,5.1398470000000005,-3.4925080000000004,x
1189,0.176544,0.274704,1.276184,x
1190,0.405807,0.007523,0.605957,x
1191,0.066589,0.941696,0.571548,x
1192,-0.406097,1.785065,0.47142,x
1193,-0.138474,1.922516,-0.986023,x
1194,-0.114578,1.787109,-1.227859,x
1195,-0.920609,1.287674,-0.959106,x
1196,-0.502731,0.921646,-0.566696,x
1197,-0.197891,0.505753,-0.046417,x
1198,-0.041321,0.388397,0.490326,x
1199,0.095474,0.196365,0.823456,x
1200,0.23114,-0.5661470000000001,0.080032,x
1201,0.351562,-0.581421,0.334183,x
1202,0.38591,-0.225113,0.422333,x
1203,0.67569,0.1580349999999999,0.086502,x
1204,0.402649,0.325638,0.117874,x
1205,0.004654,0.6314390000000001,0.162155,x
1206,-0.3996119999999999,1.071304,-0.2674559999999999,x
1207,-0.546967,1.871735,-0.542664,x
1208,-0.324707,2.634979,-1.06102,x
1209,-0.140503,1.585693,-1.553802,x
1210,-0.329529,1.3675540000000002,-0.3614199999999999,x
1211,-0.456497,1.06897,1.070099,x
1212,-0.397568,1.102219,0.574371,x
1213,0.012466,1.0792540000000002,0.259979,x
1214,-0.09317,3.952087,-3.423965,x
1215,0.116425,1.467285,1.029816,x
1216,0.28093,0.853424,0.315781,x
1217,0.00116,1.127869,0.254807,x
1218,-0.492722,1.51152,-0.399979,x
1219,-0.085052,1.498657,-0.953522,x
1220,-0.174423,1.254578,-0.689301,x
1221,-0.255417,1.051498,-0.277679,x
1222,-0.35788,0.638596,-0.206039,x
1223,-0.346771,0.345673,0.465668,x
1224,-0.074005,0.0146639999999999,0.7373810000000001,x
1225,0.1181339999999999,-0.5332640000000001,0.523087,x
1226,0.206223,-0.719467,0.092316,x
1227,0.707214,-0.676636,0.123795,x
1228,0.79068,-0.065948,0.161392,x
1229,0.450287,0.095428,0.002701,x
1230,0.120392,0.315262,0.129318,x
1231,-0.137421,0.5562739999999999,0.017258,x
1232,-1.277924,4.164703,-0.033356,x
1233,0.07048,2.490524,-2.11998,x
1234,-0.229202,1.511703,-1.843552,x
1235,-0.312134,1.42627,0.607773,x
1236,-0.609268,0.935013,1.293625,x
1237,-0.741364,0.8406370000000001,0.7128909999999999,x
1238,-0.1211849999999999,1.209152,0.362427,x
1239,-0.139435,3.841232,-3.751236,x
1240,0.787903,1.290146,0.7482300000000001,x
1241,0.6274569999999999,1.164993,0.107727,x
1242,0.150894,1.242355,0.068665,x
1243,-0.317459,1.746811,-1.136917,x
1244,-0.180786,1.284866,-0.731247,x
1245,-0.043732,0.8802030000000001,-0.370407,x
1246,-0.119614,0.731323,-0.462997,x
1247,-0.435974,0.452301,-0.03923,x
1248,-0.152588,0.201981,0.26123,x
1249,0.0676269999999999,-0.343475,0.302994,x
1250,-0.011307,-0.5259550000000001,0.092514,x
1251,-0.000366,0.154816,0.000778,x
1252,0.2681429999999999,0.4716189999999999,-0.18573,x
1253,0.17099,0.884308,-0.272125,x
1254,-0.330063,1.384155,0.068573,x
1255,-0.263733,1.5511469999999998,-0.0945889999999999,x
1256,-0.107391,1.267593,-0.317413,x
1257,-0.057373,0.945969,-0.600571,x
1258,-0.189346,0.927277,-1.127991,x
1259,-0.21814,1.457245,-1.525574,x
1260,0.1190339999999999,2.226791,-1.860062,x
1261,0.177216,2.248703,-1.644424,x
1262,0.003189,1.298691,-0.888489,x
1263,0.225433,0.294525,-1.217316,x
1264,0.151047,-0.399933,1.360916,x
1265,-1.379593,0.973572,2.392471,x
1266,0.605759,4.222824,-0.351028,x
1267,0.697601,0.7335510000000001,2.149139,x
1268,-0.325882,0.526459,0.526382,x
1269,-0.806229,1.16153,0.8381040000000001,x
1270,-0.8078,1.28566,0.488754,x
1271,-0.8021699999999999,2.241989,0.255768,x
1272,0.019135,1.934647,0.202988,x
1273,0.5011140000000001,1.5498809999999998,-0.080002,x
1274,0.890762,1.252106,-0.368591,x
1275,0.177612,1.156128,-0.047913,x
1276,-0.2096559999999999,0.97258,-0.138184,x
1277,-0.279175,0.635941,-0.060471,x
1278,-0.483353,0.503067,-0.285049,x
1279,-0.639023,0.552963,-0.444321,x
1280,-0.197525,0.581024,-0.204254,x
1281,0.149002,0.656433,-0.285782,x
1282,0.265884,0.80867,-0.442062,x
1283,0.22551,0.914948,-0.56308,x
1284,0.424347,0.871384,-0.433044,x
1285,0.493027,0.946487,-0.220886,x
1286,0.405518,1.532974,0.0577549999999999,x
1287,0.567825,1.966843,0.393326,x
1288,-0.370834,1.6791080000000005,0.64827,x
1289,-0.713028,1.694794,0.6883239999999999,x
1290,-0.579483,1.82695,0.400146,x
1291,-0.640045,2.117599,0.1438289999999999,x
1292,-0.5409390000000001,2.172577,0.007233,x
1293,-0.352676,1.833817,0.01535,x
1294,-0.306702,1.523895,0.1298369999999999,x
1295,-0.0387879999999999,1.367035,0.370575,x
1296,0.100128,0.961121,0.575104,x
1297,0.010864,0.58931,0.3760679999999999,x
1298,-0.224411,0.163071,0.379196,x
1299,-0.195358,-0.149445,0.378067,x
1300,-0.188187,-0.292633,0.35434,x
1301,-0.17392,-0.209061,0.390182,x
1302,-0.195847,-0.078049,0.398178,x
1303,-0.190125,0.019409,0.175873,x
1304,-0.082718,0.158066,-0.201645,x
1305,-0.030029,0.728928,-0.779465,x
1306,-0.319443,1.909897,-1.628845,x
1307,-0.435806,2.370651,-1.771057,x
1308,-0.328018,1.362503,-0.990067,x
1309,-0.407516,0.985565,-0.63945,x
1310,-0.678711,0.8621219999999999,-1.123047,x
1311,-1.141678,1.628616,0.633942,x
1312,0.027908,1.837524,-0.265961,x
1313,0.279388,0.107422,1.024338,x
1314,0.027252,0.1152339999999999,0.650436,x
1315,-0.307831,1.018875,0.690689,x
1316,-0.293686,1.603302,0.487457,x
1317,-0.0006259999999999,1.50563,0.341873,x
1318,0.0677799999999999,1.322922,0.375519,x
1319,0.29834,1.49646,0.276596,x
1320,0.28363,1.359482,0.189529,x
1321,0.235046,1.082047,0.027725,x
1322,0.171295,0.969421,-0.19043,x
1323,-0.010666,0.9001459999999999,-0.052658,x
1324,-0.084991,0.8415530000000001,-0.1635589999999999,x
1325,-0.057907,0.8168489999999999,-0.031677,x
1326,-0.0128479999999999,0.717651,0.028656,x
1327,-0.036423,0.704681,0.103821,x
1328,-0.141541,0.750504,-0.092926,x
1329,-0.2476809999999999,0.861191,-0.177216,x
1330,-0.116516,0.927902,0.005173,x
1331,0.050385,0.948364,-0.181061,x
1332,0.182022,1.034531,-0.4382479999999999,x
1333,0.041092,1.233841,-0.261078,x
1334,0.158005,1.221619,-0.07814,x
1335,0.468185,1.147476,0.135391,x
1336,0.53508,1.0667879999999998,0.0742029999999999,x
1337,0.166092,1.292847,-0.115463,x
1338,-0.078705,1.600601,-0.2746429999999999,x
1339,0.1108859999999999,1.674957,-0.082199,x
1340,-0.237228,1.584213,-0.135345,x
1341,-0.709808,1.199219,0.061676,x
1342,-0.678696,1.298172,0.678268,x
1343,-0.6038060000000001,1.61673,0.7657470000000001,x
1344,-0.653442,1.857193,0.2444,x
1345,-0.583191,1.7123259999999998,-0.105423,x
1346,-0.233353,1.582977,-0.087662,x
1347,-0.0492709999999999,1.366531,0.199463,x
1348,0.292175,1.104065,0.337006,x
1349,0.142639,0.8967290000000001,0.282593,x
1350,-0.13829,0.622528,0.34964,x
1351,-0.214417,0.386948,0.264038,x
1352,-0.186096,0.184479,0.185028,x
1353,-0.162262,0.126968,0.26329,x
1354,-0.269608,0.080582,0.376862,x
1355,-0.32486,0.099442,0.442474,x
1356,-0.274399,0.077377,0.356613,x
1357,-0.26799,0.034531,0.210358,x
1358,-0.1774599999999999,0.281921,-0.062668,x
1359,0.055908,0.844467,-0.6088560000000001,x
1360,0.160522,2.466553,-1.871536,x
1361,0.269592,3.320358,-2.382965,x
1362,0.159012,1.017944,-0.59053,x
1363,-0.065979,0.611298,-0.12767,x
1364,-0.332703,0.647476,-0.420609,x
1365,-0.162445,1.215439,-0.008392,x
1366,-0.466476,2.648102,-0.2314,x
1367,-0.274002,1.5091709999999998,0.4348909999999999,x
1368,-0.47345,-0.123901,0.969971,x
1369,-0.383682,0.1317289999999999,0.691711,x
1370,-0.389893,0.907578,0.813461,x
1371,-0.41745,1.422836,0.6564939999999999,x
1372,-0.331146,1.246109,0.541489,x
1373,-0.044312,1.259476,0.7026819999999999,x
1374,0.236618,1.279587,0.437195,x
1375,0.339478,1.0023959999999998,0.2184449999999999,x
1376,0.4207,1.094711,0.24971,x
1377,0.678604,1.030685,0.3608699999999999,x
1378,0.7067720000000001,0.972092,-0.006989,x
1379,0.344925,0.917892,-0.206604,x
1380,0.08519,1.032608,-0.1640319999999999,x
1381,0.068481,1.018921,-0.014221,x
1382,0.002579,1.05835,0.013916,x
1383,0.018646,1.093399,0.043991,x
1384,0.101425,1.0011139999999998,-0.012085,x
1385,0.174988,0.8670040000000001,0.039612,x
1386,0.099182,0.8351290000000001,0.029129,x
1387,-0.017349,0.87674,-0.045822,x
1388,-0.0143889999999999,1.017059,-0.195984,x
1389,0.0334779999999999,1.029968,-0.091339,x
1390,0.1195069999999999,1.15416,-0.0610659999999999,x
1391,0.214218,1.1554870000000002,0.007141,x
1392,0.160553,1.067993,-0.138214,x
1393,-0.0938259999999999,1.22995,-0.12616,x
1394,-0.434921,1.474243,-0.423325,x
1395,-0.020493,1.544174,-0.157959,x
1396,0.301682,1.531082,-0.093674,x
1397,0.018448,1.296478,-0.033356,x
1398,-0.416901,1.2804719999999998,0.059677,x
1399,-0.255814,1.444412,0.672806,x
1400,-0.453064,1.618988,0.707855,x
1401,-0.4355159999999999,1.6770630000000002,0.1675569999999999,x
1402,-0.387146,1.355026,-0.169037,x
1403,-0.251373,1.307251,-0.141953,x
1404,-0.088028,1.26857,0.15036,x
1405,0.128998,1.104385,0.5005649999999999,x
1406,0.059647,0.90686,0.233093,x
1407,0.0531769999999999,0.910263,0.241592,x
1408,0.020966,0.7342529999999999,0.127625,x
1409,-0.0824889999999999,0.492279,0.018112,x
1410,-0.169617,0.20108,0.1121829999999999,x
1411,-0.143753,0.056396,0.2514949999999999,x
1412,-0.141068,0.054916,0.2845,x
1413,-0.122696,0.128281,0.225433,x
1414,-0.075455,0.145325,0.085434,x
1415,-0.006912,0.147278,-0.242661,x
1416,0.037048,0.387527,-0.783325,x
1417,-0.188385,1.254379,-1.273682,x
1418,-0.070877,2.79007,-1.579666,x
1419,0.15567,2.23468,-0.904999,x
1420,-0.179504,1.066925,-0.607895,x
1421,-0.0867,0.415726,-0.682419,x
1422,0.039948,0.748016,-0.7546229999999999,x
1423,-0.268784,2.1270290000000003,-0.156281,x
1424,-0.8272860000000001,2.299866,-0.509247,x
1425,-0.195206,-0.128708,1.167984,x
1426,-0.2984159999999999,-0.18483,0.525543,x
1427,-0.130386,0.6885680000000001,0.928345,x
1428,-0.237488,1.557922,0.599503,x
1429,-0.177734,1.672745,0.196182,x
1430,0.078934,1.575073,0.046799,x
1431,0.315613,1.296188,-0.008301,x
1432,0.2322239999999999,1.0617219999999998,-0.052368,x
1433,-0.041031,0.902328,-0.150497,x
1434,-0.033035,0.928085,0.0161289999999999,x
1435,-0.0619809999999999,0.864975,0.042053,x
1436,-0.112701,0.8023680000000001,0.027679,x
1437,-0.110489,0.7392270000000001,-0.077408,x
1438,-0.125031,0.778748,-0.172562,x
1439,-0.162354,0.938278,-0.189789,x
1440,-0.2781679999999999,0.93811,-0.21608,x
1441,-0.251633,0.835709,-0.09906,x
1442,-0.117401,0.877975,0.069321,x
1443,-0.001648,1.106796,-0.111801,x
1444,0.072556,1.1516110000000002,-0.427216,x
1445,0.19632,1.270157,-0.379105,x
1446,-0.047226,1.296036,-0.3110199999999999,x
1447,-0.286865,1.275528,-0.272217,x
1448,-0.109589,1.232712,-0.3608699999999999,x
1449,0.2539369999999999,1.728317,-0.342178,x
1450,0.477921,1.952225,-0.332581,x
1451,0.465363,1.6297,-0.04567,x
1452,0.178787,1.358063,0.366577,x
1453,0.013519,1.227417,0.934479,x
1454,-0.114273,1.169266,0.911224,x
1455,-0.139236,1.501068,0.268005,x
1456,-0.266159,1.771423,0.05542,x
1457,-0.110321,1.6817779999999998,0.111801,x
1458,-0.033035,1.339981,0.252228,x
1459,0.025558,1.051453,0.353317,x
1460,0.021774,0.75563,0.293503,x
1461,-0.096481,0.720154,0.3436889999999999,x
1462,-0.1080319999999999,0.5882569999999999,0.4180149999999999,x
1463,-0.051102,0.366226,0.502808,x
1464,-0.116409,0.223602,0.520523,x
1465,-0.252457,0.080246,0.440872,x
1466,-0.300888,0.092606,0.246384,x
1467,-0.2776639999999999,0.258911,-0.006668,x
1468,-0.165253,0.773361,-0.137268,x
1469,-0.6185149999999999,1.459152,-0.239365,x
1470,-1.179367,2.255692,-1.307205,x
1471,-0.767197,1.434128,-1.169815,x
1472,-0.208206,1.03093,-0.4733729999999999,x
1473,-0.006638,0.776031,-0.916656,x
1474,0.267944,0.3816989999999999,0.725388,x
1475,0.3371119999999999,1.00351,1.180069,x
1476,-0.517456,2.355484,-0.1040799999999999,x
1477,-0.38858,0.987488,-0.034332,x
1478,-0.263245,0.248016,0.488235,x
1479,-0.456802,0.588806,0.228775,x
1480,-0.535538,1.189178,-0.021606,x
1481,-0.057648,1.549484,-0.126434,x
1482,-0.030121,1.386169,-0.002136,x
1483,0.006927,1.200317,-0.0228729999999999,x
1484,-0.027481,1.088318,-0.149368,x
1485,-0.077896,1.067688,-0.130859,x
1486,-0.200577,1.043762,-0.046341,x
1487,-0.411041,1.101715,-0.115189,x
1488,-0.480728,1.222916,-0.278534,x
1489,-0.335541,1.206223,-0.429688,x
1490,-0.1678619999999999,1.040329,-0.392365,x
1491,-0.159866,0.962036,-0.536285,x
1492,-0.227829,0.931534,-0.6988979999999999,x
1493,-0.246384,0.803619,-0.524704,x
1494,-0.257156,0.61232,-0.2170409999999999,x
1495,-0.153702,0.449524,0.297806,x
1496,0.06308,0.298523,0.5495760000000001,x
1497,0.117477,-0.150665,0.417114,x
1498,0.140457,-0.623703,0.345993,x
1499,0.30661,-0.4151,0.411728,x
1500,0.467209,-0.011108,0.349411,x
1501,0.42955,0.112747,0.305023,x
1502,-0.1186369999999999,0.081619,0.124741,x
1503,-0.33075,0.307816,-0.061478,x
1504,-0.5001369999999999,1.022476,-0.275208,x
1505,-0.8109890000000001,2.905869,-0.4648899999999999,x
1506,-0.0970309999999999,2.914886,-1.059296,x
1507,-0.030731,1.31076,-1.28006,x
1508,0.1089319999999999,0.883179,-1.268417,x
1509,-0.233841,0.70192,0.460556,x
1510,-1.073303,1.595001,0.934097,x
1511,-0.631516,1.7103119999999998,-0.131622,x
1512,0.020828,1.496582,-0.8043060000000001,x
1513,-0.1673579999999999,3.802383,-1.0345,x
1514,0.102478,0.71611,0.95697,x
1515,0.282394,0.591522,0.445816,x
1516,0.047119,1.415359,0.508224,x
1517,-0.351425,1.665009,-0.016998,x
1518,-0.380432,1.541031,-0.996338,x
1519,-0.330902,1.477234,-1.008545,x
1520,-0.630508,1.270065,-0.7953640000000001,x
1521,-0.34462,0.99791,-0.674561,x
1522,-0.387711,0.541626,-0.111221,x
1523,-0.2361599999999999,0.219742,0.37529,x
1524,0.0335079999999999,-0.119888,0.894592,x
1525,0.312012,-0.731613,0.276855,x
1526,0.373444,-0.539261,0.307831,x
1527,0.3331449999999999,0.058075,0.360504,x
1528,0.5437930000000001,0.268768,0.214218,x
1529,0.250275,0.385132,0.050827,x
1530,0.161667,0.538864,-0.014511,x
1531,-0.339081,0.959366,-0.113998,x
1532,-0.465271,1.921722,-0.6786800000000001,x
1533,-0.363983,3.4281620000000004,-0.7903439999999999,x
1534,0.209763,1.517929,-1.426483,x
1535,0.148697,0.8623350000000001,-1.00737,x
1536,-0.254166,0.779099,-0.001526,x
1537,-0.655502,1.2769620000000002,0.7910159999999999,x
1538,-0.5560149999999999,1.414398,0.429825,x
1539,-0.049088,0.971207,-0.013199,x
1540,-0.093796,4.878662,-4.309723,x
1541,0.147125,0.7220310000000001,1.3586120000000002,x
1542,0.289963,0.552383,0.685852,x
1543,-0.196747,1.36232,0.7058409999999999,x
1544,-0.593658,1.639893,-0.1162869999999999,x
1545,-0.127594,1.474091,-1.2195129999999998,x
1546,-0.103394,1.390656,-0.300964,x
1547,-0.4791109999999999,1.136734,-1.211288,x
1548,-0.468735,0.800369,-0.572006,x
1549,-0.4026639999999999,0.373352,0.045792,x
1550,-0.171432,0.2256929999999999,0.604889,x
1551,0.113403,0.04924,0.628052,x
1552,0.243851,-0.524948,0.351303,x
1553,0.462051,-0.299774,0.0106349999999999,x
